URL	HTTP	ROBOTS	CANONICAL	TITLE	H1	RESULT
https://tiancinge-web.web.app/	200	indexable	https://tiancinge-web.web.app/	天心閣養生會館｜放鬆身心・找回最美的自己	天心閣	pass
https://tiancinge-web.web.app/blog	200	indexable	https://tiancinge-web.web.app/blog	部落格｜天心閣養生會館	部落格	pass
https://tiancinge-web.web.app/blog/category/%E7%94%9F%E6%B4%BB%E7%BE%8E%E5%AD%B8	200	indexable	https://tiancinge-web.web.app/blog/category/%E7%94%9F%E6%B4%BB%E7%BE%8E%E5%AD%B8	生活美學｜部落格｜天心閣養生會館	生活美學	pass
https://tiancinge-web.web.app/blog/lob01tcsx5	200	indexable	https://tiancinge-web.web.app/blog/lob01tcsx5	台北萬華按摩推薦｜腳底、肩頸、全身按摩｜天心閣養生會館	西門町按摩推薦｜天心閣養生會館：泡腳、腳底按摩、肩頸按摩與全身按摩體驗	pass
https://tiancinge-web.web.app/news	200	indexable	https://tiancinge-web.web.app/news	最新消息｜天心閣養生會館	最新消息	pass
https://tiancinge-web.web.app/news/0333lu87r6	200	indexable	https://tiancinge-web.web.app/news/0333lu87r6	中秋限定優惠活動｜天心閣養生會館	中秋限定優惠活動	pass
https://tiancinge-web.web.app/news/category/%E6%B4%BB%E5%8B%95%E8%A8%8A%E6%81%AF	200	indexable	https://tiancinge-web.web.app/news/category/%E6%B4%BB%E5%8B%95%E8%A8%8A%E6%81%AF	活動訊息｜最新消息｜天心閣養生會館	活動訊息	pass
https://tiancinge-web.web.app/news/category/%E8%AA%B2%E7%A8%8B%E4%BB%8B%E7%B4%B9	200	indexable	https://tiancinge-web.web.app/news/category/%E8%AA%B2%E7%A8%8B%E4%BB%8B%E7%B4%B9	課程介紹｜最新消息｜天心閣養生會館	課程介紹	pass
https://tiancinge-web.web.app/news/category/%E9%A4%A8%E5%85%A7%E5%85%AC%E5%91%8A	200	indexable	https://tiancinge-web.web.app/news/category/%E9%A4%A8%E5%85%A7%E5%85%AC%E5%91%8A	館內公告｜最新消息｜天心閣養生會館	館內公告	pass
https://tiancinge-web.web.app/news/elfmhj13nd	200	indexable	https://tiancinge-web.web.app/news/elfmhj13nd	環境升級・更舒適的空間｜天心閣養生會館	環境升級・更舒適的空間	pass
https://tiancinge-web.web.app/news/vngglp38p7	200	indexable	https://tiancinge-web.web.app/news/vngglp38p7	全新精油課程登場｜天心閣養生會館	全新精油課程登場	pass
https://tiancinge-web.web.app/services	200	indexable	https://tiancinge-web.web.app/services	服務項目｜天心閣養生會館	服務項目	pass
https://tiancinge-web.web.app/services/0p38fpahrm	200	indexable	https://tiancinge-web.web.app/services/0p38fpahrm	精油按摩｜天心閣養生會館	精油按摩	pass
https://tiancinge-web.web.app/services/7usx1gzbua	200	indexable	https://tiancinge-web.web.app/services/7usx1gzbua	全身舒壓｜天心閣養生會館	全身舒壓	pass
https://tiancinge-web.web.app/services/tce7trl2h8	200	indexable	https://tiancinge-web.web.app/services/tce7trl2h8	熱石養生｜天心閣養生會館	熱石養生	pass
https://tiancinge-web.web.app/services/uiwtugzzor	200	indexable	https://tiancinge-web.web.app/services/uiwtugzzor	客製化課程｜天心閣養生會館	客製化課程	pass
https://tiancinge-web.web.app/services/z8gxmi43sb	200	indexable	https://tiancinge-web.web.app/services/z8gxmi43sb	足部舒壓｜天心閣養生會館	足部舒壓	pass
